State_ID,Country
0,"('St. Martin'-)"
1,"Bahamas- The"
2,"Gambia- The"
3,Afghanistan
4,Albania
5,Algeria
6,Andorra
7,Angola
8,Antigua and Barbuda
9,Argentina
10,Armenia
11,Aruba
12,Australia
13,Austria
14,Azerbaijan
15,Bahamas
16,Bahrain
17,Bangladesh
18,Barbados
19,Belarus
20,Belgium
21,Belize
22,Benin
23,Bhutan
24,Bolivia
25,Bosnia and Herzegovina
26,Botswana
27,Brazil
28,Brunei
29,Bulgaria
30,Burkina Faso
31,Burma
32,Burundi
33,Cabo Verde
34,Cambodia
35,Cameroon
36,Canada
37,Cape Verde
38,Cayman Islands
39,Central African Republic
40,Chad
41,Channel Islands
42,Chile
43,China
44,Colombia
45,Comoros
46,Congo (Brazzaville)
47,Congo (Kinshasa)
48,Costa Rica
49,Croatia
50,Cuba
51,Curacao
52,Cyprus
53,Czech Republic
54,Denmark
55,Diamond Princess
56,Djibouti
57,Dominica
58,Dominican Republic
59,East Timor
60,Ecuador
61,Egypt
62,El Salvador
63,Equatorial Guinea
64,Eritrea
65,Estonia
66,Eswatini
67,Ethiopia
68,Faroe Islands
69,Fiji
70,Finland
71,France
72,French Guiana
73,Gabon
74,Gambia
75,Georgia
76,Germany
77,Ghana
78,Gibraltar
79,Greece
80,Greenland
81,Grenada
82,Guadeloupe
83,Guam
84,Guatemala
85,Guernsey
86,Guinea
87,Guinea-Bissau
88,Guyana
89,Haiti
90,Holy See
91,Honduras
92,Hong Kong
93,Hungary
94,Iceland
95,India
96,Indonesia
97,Iran
98,Iraq
99,Ireland
100,Israel
101,Italy
102,Ivory Coast
103,Jamaica
104,Japan
105,Jersey
106,Jordan
107,Kazakhstan
108,Kenya
109,Kiribati
110,Kosovo
111,Kuwait
112,Kyrgyzstan
113,Laos
114,Latvia
115,Lebanon
116,Lesotho
117,Liberia
118,Libya
119,Liechtenstein
120,Lithuania
121,Luxembourg
122,MS Zaandam
123,Macau
124,Madagascar
125,Mainland China
126,Malawi
127,Malaysia
128,Maldives
129,Mali
130,Malta
131,Marshall Islands
132,Martinique
133,Mauritania
134,Mauritius
135,Mayotte
136,Mexico
137,Micronesia
138,Moldova
139,Monaco
140,Mongolia
141,Montenegro
142,Morocco
143,Mozambique
144,Namibia
145,Nepal
146,Netherlands
147,New Zealand
148,Nicaragua
149,Niger
150,Nigeria
151,North Ireland
152,North Macedonia
153,Norway
154,Oman
155,Others
156,Pakistan
157,Palestine
158,Panama
159,Papua New Guinea
160,Paraguay
161,Peru
162,Philippines
163,Poland
164,Portugal
165,Puerto Rico
166,Qatar
167,Republic of Ireland
168,Republic of the Congo
169,Reunion
170,Romania
171,Russia
172,Rwanda
173,Saint Barthelemy
174,Saint Kitts and Nevis
175,Saint Lucia
176,Saint Vincent and the Grenadines
177,Samoa
178,San Marino
179,Sao Tome and Principe
180,Saudi Arabia
181,Senegal
182,Serbia
183,Seychelles
184,Sierra Leone
185,Singapore
186,Slovakia
187,Slovenia
188,Solomon Islands
189,Somalia
190,South Africa
191,South Korea
192,South Sudan
193,Spain
194,Sri Lanka
195,St. Martin
196,Sudan
197,Suriname
198,Sweden
199,Switzerland
200,Syria
201,Taiwan
202,Tajikistan
203,Tanzania
204,Thailand
205,The Bahamas
206,The Gambia
207,Timor-Leste
208,Togo
209,Trinidad and Tobago
210,Tunisia
211,Turkey
212,UK
213,US
214,Uganda
215,Ukraine
216,United Arab Emirates
217,Uruguay
218,Uzbekistan
219,Vanuatu
220,Vatican City
221,Venezuela
222,Vietnam
223,West Bank and Gaza
224,Yemen
225,Zambia
226,Zimbabwe
227,occupied Palestinian territory
