State_ID,Province/State
0,
1," Montreal- QC"
2," Norfolk County- MA"
3,"Alameda County- CA"
4,"Ashland- NE"
5,"Bennington County- VT"
6,"Bergen County- NJ"
7,"Berkeley- CA"
8,"Berkshire County- MA"
9,"Bonaire- Sint Eustatius and Saba"
10,"Boston- MA"
11,"Broward County- FL"
12,"Calgary- Alberta"
13,"Carver County- MN"
14,"Charleston County- SC"
15,"Charlotte County- FL"
16,"Chatham County- NC"
17,"Cherokee County- GA"
18,"Chicago- IL"
19,"Clark County- NV"
20,"Clark County- WA"
21,"Cobb County- GA"
22,"Collin County- TX"
23,"Contra Costa County- CA"
24,"Cook County- IL"
25,"Davidson County- TN"
26,"Davis County- UT"
27,"Delaware County- PA"
28,"Denver County- CO"
29,"Douglas County- CO"
30,"Douglas County- NE"
31,"Douglas County- OR"
32,"Edmonton- Alberta"
33,"El Paso County- CO"
34,"Fairfax County- VA"
35,"Fairfield County- CT"
36,"Fayette County- KY"
37,"Floyd County- GA"
38,"Fort Bend County- TX"
39,"Fresno County- CA"
40,"Fulton County- GA"
41,"Grafton County- NH"
42,"Grant County- WA"
43,"Harford County- MD"
44,"Harris County- TX"
45,"Harrison County- KY"
46,"Hendricks County- IN"
47,"Hillsborough- FL"
48,"Honolulu County- HI"
49,"Hudson County- NJ"
50,"Humboldt County- CA"
51,"Jackson County- OR "
52,"Jefferson County- KY"
53,"Jefferson County- WA"
54,"Jefferson Parish- LA"
55,"Johnson County- IA"
56,"Johnson County- KS"
57,"Kershaw County- SC"
58,"King County- WA"
59,"Kittitas County- WA"
60,"Klamath County- OR"
61,"Lackland- TX (From Diamond Princess)"
62,"Lackland- TX"
63,"Lee County- FL"
64,"London- ON"
65,"Los Angeles- CA"
66,"Madera County- CA"
67,"Madison- WI"
68,"Manatee County- FL"
69,"Maricopa County- AZ"
70,"Marion County- IN"
71,"Marion County- OR"
72,"Middlesex County- MA"
73,"Montgomery County- MD"
74,"Montgomery County- PA"
75,"Montgomery County- TX"
76,"Nassau County- NY"
77,"New York City- NY"
78,"New York County- NY"
79,"Norfolk County- MA"
80,"Norwell County- MA"
81,"Okaloosa County- FL"
82,"Omaha- NE (From Diamond Princess)"
83,"Orange County- CA"
84,"Orange- CA"
85,"Pierce County- WA"
86,"Pinal County- AZ"
87,"Placer County- CA"
88,"Plymouth County- MA"
89,"Polk County- GA"
90,"Portland- OR"
91,"Providence County- RI"
92,"Providence- RI"
93,"Queens County- NY"
94,"Ramsey County- MN"
95,"Riverside County- CA"
96,"Rockingham County- NH"
97,"Rockland County- NY"
98,"Sacramento County- CA"
99,"Saint Helena- Ascension and Tristan da Cunha"
100,"San Antonio- TX"
101,"San Benito- CA"
102,"San Diego County- CA"
103,"San Francisco County- CA"
104,"San Mateo- CA"
105,"Santa Clara County- CA"
106,"Santa Clara- CA"
107,"Santa Cruz County- CA"
108,"Santa Rosa County- FL"
109,"Sarasota- FL"
110,"Saratoga County- NY"
111,"Seattle- WA"
112,"Shasta County- CA"
113,"Shelby County- TN"
114,"Snohomish County- WA"
115,"Sonoma County- CA"
116,"Spartanburg County- SC"
117,"Spokane County- WA"
118,"St. Louis County- MO"
119,"Suffolk County- MA"
120,"Suffolk County- NY"
121,"Summit County- CO"
122,"Tempe- AZ"
123,"Toronto- ON"
124,"Travis- CA (From Diamond Princess)"
125,"Travis- CA"
126,"Tulsa County- OK"
127,"Ulster County- NY"
128,"Umatilla- OR"
129,"Unassigned Location- VT"
130,"Unassigned Location- WA"
131,"Unknown Location- MA"
132,"Virgin Islands- U.S."
133,"Volusia County- FL"
134,"Wake County- NC"
135,"Washington County- OR"
136,"Washington- D.C."
137,"Washoe County- NV"
138,"Wayne County- PA"
139,"Westchester County- NY"
140,"Williamson County- TN"
141,"Yolo County- CA"
142,Abruzzo
143,Acre
144,Adygea Republic
145,Aguascalientes
146,Aichi
147,Akita
148,Alabama
149,Alagoas
150,Alaska
151,Alberta
152,Altai Krai
153,Altai Republic
154,Amapa
155,Amazonas
156,American Samoa
157,Amur Oblast
158,Ancash
159,Andalusia
160,Andaman and Nicobar Islands
161,Andhra Pradesh
162,Anguilla
163,Anhui
164,Antioquia
165,Antofagasta
166,Antwerp
167,Aomori
168,Apurimac
169,Aragon
170,Arauca
171,Araucania
172,Arequipa
173,Arica y Parinacota
174,Arizona
175,Arkansas
176,Arkhangelsk Oblast
177,Aruba
178,Arunachal Pradesh
179,Assam
180,Astrakhan Oblast
181,Asturias
182,Atacama
183,Atlantico
184,Australian Capital Territory
185,Ayacucho
186,Aysen
187,Azad Jammu and Kashmir
188,Baden-Wurttemberg
189,Bahia
190,Baja California
191,Baja California Sur
192,Baleares
193,Balochistan
194,Bashkortostan Republic
195,Basilicata
196,Bavaria
197,Bayern
198,Beijing
199,Belgorod Oblast
200,Berlin
201,Bermuda
202,Bihar
203,Biobio
204,Blekinge
205,Bolivar
206,Boyaca
207,Brandenburg
208,Bremen
209,British Columbia
210,British Virgin Islands
211,Brussels
212,Bryansk Oblast
213,Buryatia Republic
214,C. Valenciana
215,Cajamarca
216,Calabria
217,Caldas
218,California
219,Callao
220,Campania
221,Campeche
222,Canarias
223,Cantabria
224,Capital District
225,Caqueta
226,Casanare
227,Castilla - La Mancha
228,Castilla y Leon
229,Catalonia
230,Cauca
231,Cayman Islands
232,Ceara
233,Cesar
234,Ceuta
235,Chandigarh
236,Channel Islands
237,Chechen Republic
238,Chelyabinsk Oblast
239,Cherkasy Oblast
240,Chernihiv Oblast
241,Chernivtsi Oblast
242,Chhattisgarh
243,Chiapas
244,Chiba
245,Chicago
246,Chihuahua
247,Choco
248,Chongqing
249,Chukotka Autonomous Okrug
250,Chuvashia Republic
251,Ciudad de Mexico
252,Coahuila
253,Colima
254,Colorado
255,Connecticut
256,Coquimbo
257,Cordoba
258,Crimea Republic*
259,Cruise Ship
260,Cundinamarca
261,Curacao
262,Cusco
263,Dadar Nagar Haveli
264,Dadra and Nagar Haveli and Daman and Diu
265,Dagestan Republic
266,Dalarna
267,Delaware
268,Delhi
269,Denmark
270,Diamond Princess cruise ship
271,District of Columbia
272,Distrito Federal
273,Dnipropetrovsk Oblast
274,Donetsk Oblast
275,Drenthe
276,Durango
277,East Flanders
278,Ehime
279,Emilia-Romagna
280,England
281,Espirito Santo
282,External territories
283,Extremadura
284,Falkland Islands (Islas Malvinas)
285,Falkland Islands (Malvinas)
286,Faroe Islands
287,Fench Guiana
288,Flemish Brabant
289,Flevoland
290,Florida
291,France
292,French Guiana
293,French Polynesia
294,Friesland
295,Friuli Venezia Giulia
296,From Diamond Princess
297,Fujian
298,Fukui
299,Fukuoka
300,Fukushima
301,Galicia
302,Gansu
303,Gavleborg
304,Gelderland
305,Georgia
306,Gibraltar
307,Gifu
308,Gilgit-Baltistan
309,Goa
310,Goias
311,Gotland
312,Grand Princess
313,Grand Princess Cruise Ship
314,Greenland
315,Groningen
316,Guadeloupe
317,Guainia
318,Guam
319,Guanajuato
320,Guangdong
321,Guangxi
322,Guaviare
323,Guerrero
324,Guizhou
325,Gujarat
326,Gunma
327,Hainan
328,Hainaut
329,Halland
330,Hamburg
331,Haryana
332,Hawaii
333,Hebei
334,Heilongjiang
335,Henan
336,Hessen
337,Hidalgo
338,Himachal Pradesh
339,Hiroshima
340,Hokkaido
341,Hong Kong
342,Huancavelica
343,Huanuco
344,Hubei
345,Huila
346,Hunan
347,Hyogo
348,Ibaraki
349,Ica
350,Idaho
351,Illinois
352,Indiana
353,Ingushetia Republic
354,Inner Mongolia
355,Iowa
356,Irkutsk Oblast
357,Ishikawa
358,Islamabad
359,Isle of Man
360,Ivano-Frankivsk Oblast
361,Ivanovo Oblast
362,Iwate
363,Jalisco
364,Jammu and Kashmir
365,Jamtland Harjedalen
366,Jervis Bay Territory
367,Jewish Autonomous Okrug
368,Jharkhand
369,Jiangsu
370,Jiangxi
371,Jilin
372,Jonkoping
373,Junin
374,Kabardino-Balkarian Republic
375,Kagawa
376,Kagoshima
377,Kaliningrad Oblast
378,Kalmar
379,Kalmykia Republic
380,Kaluga Oblast
381,Kamchatka Krai
382,Kanagawa
383,Kansas
384,Karachay-Cherkess Republic
385,Karelia Republic
386,Karnataka
387,Kemerovo Oblast
388,Kentucky
389,Kerala
390,Khabarovsk Krai
391,Khakassia Republic
392,Khanty-Mansi Autonomous Okrug
393,Kharkiv Oblast
394,Kherson Oblast
395,Khmelnytskyi Oblast
396,Khyber Pakhtunkhwa
397,Kiev
398,Kiev Oblast
399,Kirov Oblast
400,Kirovohrad Oblast
401,Kochi
402,Komi Republic
403,Kostroma Oblast
404,Krasnodar Krai
405,Krasnoyarsk Krai
406,Kronoberg
407,Kumamoto
408,Kurgan Oblast
409,Kursk Oblast
410,Kyoto
411,La Guajira
412,La Libertad
413,La Rioja
414,Ladakh
415,Lakshadweep
416,Lambayeque
417,Lazio
418,Leningrad Oblast
419,Liaoning
420,Liege
421,Liguria
422,Lima
423,Limburg
424,Lipetsk Oblast
425,Lombardia
426,Loreto
427,Los Lagos
428,Los Rios
429,Louisiana
430,Luhansk Oblast
431,Luxembourg
432,Lviv Oblast
433,Macau
434,Madhya Pradesh
435,Madre de Dios
436,Madrid
437,Magadan Oblast
438,Magallanes
439,Magdalena
440,Maharashtra
441,Maine
442,Manipur
443,Manitoba
444,Maranhao
445,Marche
446,Mari El Republic
447,Martinique
448,Maryland
449,Massachusetts
450,Mato Grosso
451,Mato Grosso do Sul
452,Maule
453,Mayotte
454,Mecklenburg-Vorpommern
455,Meghalaya
456,Melilla
457,Meta
458,Metropolitana
459,Mexico
460,Michigan
461,Michoacan
462,Mie
463,Minas Gerais
464,Minnesota
465,Mississippi
466,Missouri
467,Miyagi
468,Miyazaki
469,Mizoram
470,Molise
471,Montana
472,Montserrat
473,Moquegua
474,Mordovia Republic
475,Morelos
476,Moscow
477,Moscow Oblast
478,Murcia
479,Murmansk Oblast
480,Mykolaiv Oblast
481,Nagaland
482,Nagano
483,Nagasaki
484,Namur
485,Nara
486,Narino
487,Navarra
488,Nayarit
489,Nebraska
490,Nenets Autonomous Okrug
491,Netherlands
492,Nevada
493,New Brunswick
494,New Caledonia
495,New Hampshire
496,New Jersey
497,New Mexico
498,New South Wales
499,New York
500,Newfoundland and Labrador
501,Niedersachsen
502,Niigata
503,Ningxia
504,Nizhny Novgorod Oblast
505,None
506,Noord-Brabant
507,Noord-Holland
508,Nordrhein-Westfalen
509,Norrbotten
510,Norte de Santander
511,North Carolina
512,North Dakota
513,North Ossetia - Alania Republic
514,Northern Ireland
515,Northern Mariana Islands
516,Northern Territory
517,Northwest Territories
518,Nova Scotia
519,Novgorod Oblast
520,Novosibirsk Oblast
521,Nuble
522,Nuevo Leon
523,Nunavut
524,OHiggins
525,Oaxaca
526,Odessa Oblast
527,Odisha
528,Ohio
529,Oita
530,Okayama
531,Okinawa
532,Oklahoma
533,Omsk Oblast
534,Ontario
535,Orebro
536,Oregon
537,Orel Oblast
538,Orenburg Oblast
539,Osaka
540,Ostergotland
541,Overijssel
542,P.A. Bolzano
543,P.A. Trento
544,Pais Vasco
545,Para
546,Paraiba
547,Parana
548,Pasco
549,Pennsylvania
550,Penza Oblast
551,Perm Krai
552,Pernambuco
553,Piaui
554,Piemonte
555,Piura
556,Poltava Oblast
557,Port Quarantine
558,Primorsky Krai
559,Prince Edward Island
560,Pskov Oblast
561,Puducherry
562,Puebla
563,Puerto Rico
564,Puglia
565,Punjab
566,Puno
567,Putumayo
568,Qinghai
569,Quebec
570,Queensland
571,Queretaro
572,Quindio
573,Quintana Roo
574,Rajasthan
575,Recovered
576,Repatriated Travellers
577,Reunion
578,Rheinland-Pfalz
579,Rhode Island
580,Rio Grande do Norte
581,Rio Grande do Sul
582,Rio de Janeiro
583,Risaralda
584,Rivne Oblast
585,Rondonia
586,Roraima
587,Rostov Oblast
588,Ryazan Oblast
589,Saarland
590,Sachsen
591,Sachsen-Anhalt
592,Saga
593,Saint Barthelemy
594,Saint Petersburg
595,Saint Pierre and Miquelon
596,Saitama
597,Sakha (Yakutiya) Republic
598,Sakhalin Oblast
599,Samara Oblast
600,San Andres y Providencia
601,San Luis Potosi
602,San Martin
603,Santa Catarina
604,Santander
605,Sao Paulo
606,Saratov Oblast
607,Sardegna
608,Saskatchewan
609,Schleswig-Holstein
610,Scotland
611,Sergipe
612,Sevastopol*
613,Shaanxi
614,Shandong
615,Shanghai
616,Shanxi
617,Shiga
618,Shimane
619,Shizuoka
620,Sichuan
621,Sicilia
622,Sikkim
623,Sinaloa
624,Sindh
625,Sint Maarten
626,Skane
627,Smolensk Oblast
628,Sonora
629,Sormland
630,South Australia
631,South Carolina
632,South Dakota
633,St Martin
634,Stavropol Krai
635,Stockholm
636,Sucre
637,Sumy Oblast
638,Sverdlovsk Oblast
639,Tabasco
640,Tacna
641,Taiwan
642,Tamaulipas
643,Tambov Oblast
644,Tamil Nadu
645,Tarapaca
646,Tasmania
647,Tatarstan Republic
648,Telangana
649,Tennessee
650,Ternopil Oblast
651,Texas
652,Thuringen
653,Tianjin
654,Tibet
655,Tlaxcala
656,Tocantins
657,Tochigi
658,Tokushima
659,Tokyo
660,Tolima
661,Tomsk Oblast
662,Toscana
663,Tottori
664,Toyama
665,Tripura
666,Tula Oblast
667,Tumbes
668,Turks and Caicos Islands
669,Tver Oblast
670,Tyumen Oblast
671,Tyva Republic
672,UK
673,US
674,Ucayali
675,Udmurt Republic
676,Ulyanovsk Oblast
677,Umbria
678,Unassigned Location (From Diamond Princess)
679,United Kingdom
680,United States Virgin Islands
681,Unknown
682,Uppsala
683,Utah
684,Utrecht
685,Uttar Pradesh
686,Uttarakhand
687,Valle d'Aosta
688,Valle del Cauca
689,Valparaiso
690,Varmland
691,Vasterbotten
692,Vasternorrland
693,Vastmanland
694,Vastra Gotaland
695,Vaupes
696,Veneto
697,Veracruz
698,Vermont
699,Vichada
700,Victoria
701,Vinnytsia Oblast
702,Virgin Islands
703,Virginia
704,Vladimir Oblast
705,Volgograd Oblast
706,Vologda Oblast
707,Volyn Oblast
708,Voronezh Oblast
709,Wakayama
710,Wales
711,Wallis and Futuna
712,Walloon Brabant
713,Washington
714,West Bengal
715,West Flanders
716,West Virginia
717,Western Australia
718,Wisconsin
719,Wuhan Evacuee
720,Wyoming
721,Xinjiang
722,Yamagata
723,Yamaguchi
724,Yamalo-Nenets Autonomous Okrug
725,Yamanashi
726,Yaroslavl Oblast
727,Yucatan
728,Yukon
729,Yunnan
730,Zabaykalsky Krai
731,Zacatecas
732,Zakarpattia Oblast
733,Zaporizhia Oblast
734,Zeeland
735,Zhejiang
736,Zhytomyr Oblast
737,Zuid-Holland
